Product,Quantity,MRP,Url
Himalaya Baby Massage Oil Olive Oil (Winter Cherry) 100Ml,1PACKET,90,https://firebasestorage.googleapis.com/v0/b/compositetrial.appspot.com/o/newImages%2FAaa.png?alt=media&token=033e6b68-31d3-4a2b-85fc-bddd8c4b3caf
Himalaya Baby Powder 400G,1PACKET,160,https://firebasestorage.googleapis.com/v0/b/compositetrial.appspot.com/o/newImages%2FHimalaya%20Baby%20Powder%20400G.jpg?alt=media&token=2a088755-b8f9-4748-a595-0c172eb828ae
Himalaya Gentle Baby Bath 100Ml,1PACKET,75,https://firebasestorage.googleapis.com/v0/b/compositetrial.appspot.com/o/newImages%2FHimalaya%20Gentle%20Baby%20Bath%20100Ml.jpg?alt=media&token=27075475-a3fb-413b-911c-1572d05f42cb
Himalaya Nourishing Baby Oil 200Ml,1PACKET,165,https://firebasestorage.googleapis.com/v0/b/compositetrial.appspot.com/o/newImages%2FHimalaya%20Nourishing%20Baby%20Oil%20200Ml.jpg?alt=media&token=cb0edf04-71a3-4108-8ed8-de4551a8a205
Johnson And Johnson Baby Milk Cream 50G,1PACKET,70,https://firebasestorage.googleapis.com/v0/b/compositetrial.appspot.com/o/newImages%2FJohnson%20And%20Johnson%20Baby%20Milk%20Cream%2050G.jpg?alt=media&token=ae26ed4e-5fd4-48fd-90bf-ef08b3b7ab26
Johnson And Johnson Baby Powder Blossoms 200G,1PACKET,123,https://firebasestorage.googleapis.com/v0/b/compositetrial.appspot.com/o/newImages%2FJohnson%20And%20Johnson%20Baby%20Powder%20Blossoms%20200G.jpg?alt=media&token=d4415036-17d9-4292-b47d-9904a974ffd3
Johnson And Johnson Baby Shampoo 200Ml,1PACKET,156,https://firebasestorage.googleapis.com/v0/b/compositetrial.appspot.com/o/newImages%2FAaa.png?alt=media&token=033e6b68-31d3-4a2b-85fc-bddd8c4b3caf
Johnson And Johnson Baby Shampoo 60Ml,1PACKET,52,https://firebasestorage.googleapis.com/v0/b/compositetrial.appspot.com/o/newImages%2FJohnson%20And%20Johnson%20Baby%20Shampoo%2060Ml.jpg?alt=media&token=b722da04-3251-4273-bf9e-5ac76d9cdce6
Johnson And Johnson Wipes Baby Skincare 80Pcs,1PACKET,220,https://firebasestorage.googleapis.com/v0/b/compositetrial.appspot.com/o/newImages%2FJohnson%20And%20Johnson%20Wipes%20Baby%20Skincare%2080Pcs.jpg?alt=media&token=37340070-5d03-499a-aa6e-a95eb8a07580
Johnson Baby Oil 50Ml,1PACKET,47,https://firebasestorage.googleapis.com/v0/b/compositetrial.appspot.com/o/newImages%2FJohnson%20Baby%20Oil%2050Ml.jpg?alt=media&token=1f54ff9a-c083-45f9-9f67-a7b9df63ff75
Johnsons Baby Cream 50G,1PACKET,66,https://firebasestorage.googleapis.com/v0/b/compositetrial.appspot.com/o/newImages%2FJohnsons%20Baby%20Cream%2050G.jpg?alt=media&token=41eed41b-bde9-4798-b052-ca5758d0ec41
Johnsons Baby Cream Upgrade 100G,1PACKET,127,https://firebasestorage.googleapis.com/v0/b/compositetrial.appspot.com/o/newImages%2FJohnsons%20Baby%20Cream%20Upgrade%20100G.jpg?alt=media&token=3b1752f4-d023-4c7b-bc70-06118b27935c
Johnsons Baby Hair Oil 100Ml,1PACKET,70,https://firebasestorage.googleapis.com/v0/b/compositetrial.appspot.com/o/newImages%2FJohnsons%20Baby%20Hair%20Oil%20100Ml.jpg?alt=media&token=addcb474-1819-4955-a834-6eb7373555fd
Johnsons Baby Hair Oil Enriched With Avocado And Provitamin B5 200Ml,1PACKET,110,https://firebasestorage.googleapis.com/v0/b/compositetrial.appspot.com/o/newImages%2FJohnsons%20Baby%20Hair%20Oil%20Enriched%20With%20Avocado%20And%20Provitamin%20B5%20200Ml.JPG?alt=media&token=9dfffd46-b6bb-4ecc-9745-6948d58d88d5
Johnsons Baby Lotion 100G,1PACKET,85,https://firebasestorage.googleapis.com/v0/b/compositetrial.appspot.com/o/newImages%2FJohnsons%20Baby%20Lotion%20100G.jpg?alt=media&token=95dab9a7-7b12-4158-9b77-cd6d07fcc4b0
Johnsons Baby Lotion 200Ml,1PACKET,142,https://firebasestorage.googleapis.com/v0/b/compositetrial.appspot.com/o/newImages%2FJohnsons%20Baby%20Lotion%20200Ml.jpg?alt=media&token=2eb53b9c-4f2a-4712-ac3d-7b8b9f8b52ae
Johnsons Baby Milk Cream 100G,1PACKET,137,https://firebasestorage.googleapis.com/v0/b/compositetrial.appspot.com/o/newImages%2FJohnsons%20Baby%20Milk%20Cream%20100G.jpg?alt=media&token=10542d34-bcda-4583-9505-f664da963781
Johnsons Baby Milk Lotion 100Ml,1PACKET,95,https://firebasestorage.googleapis.com/v0/b/compositetrial.appspot.com/o/newImages%2FJohnsons%20Baby%20Milk%20Lotion%20100Ml.jpg?alt=media&token=6f6b2499-611a-42c1-abb2-706e3648e6df
Johnsons Baby Milk Lotion 200Ml,1PACKET,156,https://firebasestorage.googleapis.com/v0/b/compositetrial.appspot.com/o/newImages%2FJohnsons%20Baby%20Milk%20Lotion%20200Ml.jpg?alt=media&token=7c1206ad-2b86-42e9-b543-6e1caa314ee1
Johnsons Baby Milk Lotion Skin Nourishment 50Ml,1PACKET,50,https://firebasestorage.googleapis.com/v0/b/compositetrial.appspot.com/o/newImages%2FJohnsons%20Baby%20Milk%20Lotion%20Skin%20Nourishment%2050Ml.jpg?alt=media&token=8faaaebc-7959-4fec-83a7-e0b16f5db75c
Johnsons Baby New Easy Grip Baby Lotion 100G,1PACKET,55,https://firebasestorage.googleapis.com/v0/b/compositetrial.appspot.com/o/newImages%2FJohnsons%20Baby%20New%20Easy%20Grip%20Baby%20Lotion%20100G.jpg?alt=media&token=df4a1ae9-140d-4de9-a279-45597d3f4cf6
Johnsons Baby New Easy Grip Enrich Baby Lotion 150G,1PACKET,80,https://firebasestorage.googleapis.com/v0/b/compositetrial.appspot.com/o/newImages%2FJohnsons%20Baby%20New%20Easy%20Grip%20Enrich%20Baby%20Lotion%20150G.jpg?alt=media&token=2a847b10-de0a-4aa3-ad85-e3c4bb203ab0
Johnsons Baby New Easy Grip Enrich Baby Lotion 75G,1PACKET,45,https://firebasestorage.googleapis.com/v0/b/compositetrial.appspot.com/o/newImages%2FJohnsons%20Baby%20New%20Easy%20Grip%20Enrich%20Baby%20Lotion%2075G.jpg?alt=media&token=e7c82d1d-5795-4044-88a3-9aaf1ede85a9
Johnsons Baby Oil 200Ml,1PACKET,165,https://firebasestorage.googleapis.com/v0/b/compositetrial.appspot.com/o/newImages%2FJohnsons%20Baby%20Oil%20200Ml.jpg?alt=media&token=3949b288-1438-46ee-af07-71a1efde0bbb
Johnsons Baby Powder 100G,1PACKET,64,https://firebasestorage.googleapis.com/v0/b/compositetrial.appspot.com/o/newImages%2FJohnsons%20Baby%20Powder%20100G.jpg?alt=media&token=967c74b8-6884-4b3d-bc14-b27b9537e77d
Johnsons Baby Powder 200G,1PACKET,118,https://firebasestorage.googleapis.com/v0/b/compositetrial.appspot.com/o/newImages%2FJohnsons%20Baby%20Powder%20200G.jpg?alt=media&token=de79dab9-17b0-4d2a-927c-b233c38a8ff9
Johnsons Baby Shampoo 100Ml,1PACKET,80,https://firebasestorage.googleapis.com/v0/b/compositetrial.appspot.com/o/newImages%2FJohnsons%20Baby%20Shampoo%20100Ml.jpg?alt=media&token=5248daf4-c7e6-4c94-ae3a-4f06f3fb4f75
Mysore Sandal Baby Soap 75G,1PACKET,35,https://firebasestorage.googleapis.com/v0/b/compositetrial.appspot.com/o/newImages%2FMysore%20Sandal%20Baby%20Soap%2075G.jpg?alt=media&token=04735073-4558-41ff-8357-ab1e221a7165
Badshah Kamal Tea Masala 100G,1PACKET,81,https://firebasestorage.googleapis.com/v0/b/compositetrial.appspot.com/o/newImages%2FBadshah%20Kamal%20Tea%20Masala%20100G.jpg?alt=media&token=af499840-9de4-4e16-9d41-c084b3dd3b28
Boost 200G,1PACKET,99,https://firebasestorage.googleapis.com/v0/b/compositetrial.appspot.com/o/newImages%2FBoost%20200G.jpg?alt=media&token=fa445970-c558-4e29-8443-60fb319358c0
Boost 3X More Stamina 200G,1PACKET,105,https://firebasestorage.googleapis.com/v0/b/compositetrial.appspot.com/o/newImages%2FBoost%203X%20More%20Stamina%20200G.jpg?alt=media&token=d98829e4-c799-4a5a-bab9-1ea771ffea21
Boost 500G,1PACKET,220,https://firebasestorage.googleapis.com/v0/b/compositetrial.appspot.com/o/newImages%2FBoost%20500G.JPG?alt=media&token=16dd3c4d-9950-4ccd-a336-42cbbeefc355
Boost 750G,1PACKET,347,https://firebasestorage.googleapis.com/v0/b/compositetrial.appspot.com/o/newImages%2FBoost%20750G.jpg?alt=media&token=4dda93ca-c36a-466b-972f-758a5aa16029
BournVita 750G,1PACKET,286,https://firebasestorage.googleapis.com/v0/b/compositetrial.appspot.com/o/newImages%2FBournVita%20750G.jpg?alt=media&token=28b18fc6-c9ea-4a71-b4fe-6072619e47f8
Bournvita ProHealth Chocolate Drink 1Kg,1PACKET,378,https://firebasestorage.googleapis.com/v0/b/compositetrial.appspot.com/o/newImages%2FBournvita%20ProHealth%20Chocolate%20Drink%201Kg.jpeg?alt=media&token=74724f25-5d6c-4439-98cf-896bde3d05a7
Brook Bond Red Label Tea 500G,1PACKET,240,https://firebasestorage.googleapis.com/v0/b/compositetrial.appspot.com/o/newImages%2FBrook%20Bond%20Red%20Label%20Tea%20500G.jpg?alt=media&token=a9d11ed2-34b1-403d-b88b-5e484037311c
Brooke Bond 3 Roses Dust Tea 100G,1PACKET,56,https://firebasestorage.googleapis.com/v0/b/compositetrial.appspot.com/o/newImages%2FBrooke%20Bond%203%20Roses%20Dust%20Tea%20100G.jpg?alt=media&token=dece4ca6-2822-47fa-b5eb-54e449bdf03d
Brooke Bond 3 Roses Dust Tea 500G,1PACKET,250,https://firebasestorage.googleapis.com/v0/b/compositetrial.appspot.com/o/newImages%2FBrooke%20Bond%203%20Roses%20Dust%20Tea%20500G.jpg?alt=media&token=0e7cfe90-562a-4444-9499-d4ef612486ba
Brooke Bond Red Label 100G,1PACKET,30,https://firebasestorage.googleapis.com/v0/b/compositetrial.appspot.com/o/newImages%2FBrooke%20Bond%20Red%20Label%20100G.jpg?alt=media&token=75b1c5ed-42d3-46f9-bb07-e09c53765561
Brooke Bond Red Label 4*500 G=2Kg,1PACKET,635,https://firebasestorage.googleapis.com/v0/b/compositetrial.appspot.com/o/newImages%2FBrooke%20Bond%20Red%20Label%204x500%20G%3D2Kg.jpg?alt=media&token=91ae2e81-930f-4681-8e4b-0d52d45f6429
Brooke Bond Red Label Natural Care 500G,1PACKET,240,https://firebasestorage.googleapis.com/v0/b/compositetrial.appspot.com/o/newImages%2FBrooke%20Bond%20Red%20Label%20Natural%20Care%20500G.jpg?alt=media&token=7acf02bf-5e21-4f1a-bdc6-961bd1fb335b
Brooke Bond Red Label Natural Care Tea 250G,1PACKET,120,https://firebasestorage.googleapis.com/v0/b/compositetrial.appspot.com/o/newImages%2FBrooke%20Bond%20Red%20Label%20Natural%20Care%20Tea%20250G.jpg?alt=media&token=ed46a352-0e73-4e9e-b83f-a3cac2699e1a
Brooke Bond Red Label Tea 1Kg,1PACKET,410,https://firebasestorage.googleapis.com/v0/b/compositetrial.appspot.com/o/newImages%2FBrooke%20Bond%20Red%20Label%20Tea%201Kg.jpg?alt=media&token=72305a31-8966-4977-8e3c-78dea1ad7e32
Brooke Bond Red Label Tea 250G,1PACKET,105,https://firebasestorage.googleapis.com/v0/b/compositetrial.appspot.com/o/newImages%2FBrooke%20Bond%20Red%20Label%20Tea%20250G.jpg?alt=media&token=3406e638-4efd-4a51-9b0a-f2e177448a28
Brooke Bond Red Label Tea 500G,1PACKET,205,https://firebasestorage.googleapis.com/v0/b/compositetrial.appspot.com/o/newImages%2FBrooke%20Bond%20Red%20Label%20Tea%20500G.jpg?alt=media&token=3fbcbe60-a101-4487-b09b-573e8abbeaf2
Brooke Bond Rich And Flavourful 500G,1PACKET,280,https://firebasestorage.googleapis.com/v0/b/compositetrial.appspot.com/o/newImages%2FBrooke%20Bond%20Rich%20And%20Flavourful%20500G.jpg?alt=media&token=2b54ac36-cd43-490c-ad0a-51000a992e2e
Brooke Bond Taj Mahal Rich And Flavourful 100G,1PACKET,56,https://firebasestorage.googleapis.com/v0/b/compositetrial.appspot.com/o/newImages%2FBrooke%20Bond%20Taj%20Mahal%20Rich%20And%20Flavourful%20100G.jpg?alt=media&token=02ad3b86-9c87-469b-a251-e6cf6939810e
Brooke Bond Taj Mahal Rich And Flavourful 250G,1PACKET,140,https://firebasestorage.googleapis.com/v0/b/compositetrial.appspot.com/o/newImages%2FBrooke%20Bond%20Taj%20Mahal%20Rich%20And%20Flavourful%20250G.jpg?alt=media&token=9032580b-7754-44e0-93d0-d5801a4ad626
Bru Filter Coffee 500G,1PACKET,165,https://firebasestorage.googleapis.com/v0/b/compositetrial.appspot.com/o/newImages%2FBru%20Filter%20Coffee%20500G.jpg?alt=media&token=f0aa3310-c0ac-4de4-a6b1-15f9d11cdb37
Bru Gold Pure Coffee Powder 50G,1PACKET,120,https://firebasestorage.googleapis.com/v0/b/compositetrial.appspot.com/o/newImages%2FBru%20Gold%20Pure%20Coffee%20Powder%2050G.jpg?alt=media&token=fffca900-24be-4194-acdf-db45b7271b0e
Bru Green Label Coffee 100G,1PACKET,32,https://firebasestorage.googleapis.com/v0/b/compositetrial.appspot.com/o/newImages%2FBru%20Green%20Label%20Coffee%20100G.jpg?alt=media&token=cee197d2-65ff-4df1-b346-cd56701cb049
Bru Green Label Filter Coffee 200G,1PACKET,68,https://firebasestorage.googleapis.com/v0/b/compositetrial.appspot.com/o/newImages%2FBru%20Green%20Label%20Filter%20Coffee%20200G.jpeg?alt=media&token=e061e08d-ced1-4e9c-abf1-919476f4c06d
Bru Instant 10G,1PACKET,10,https://firebasestorage.googleapis.com/v0/b/compositetrial.appspot.com/o/newImages%2FBru%20Instant%2010G.jpg?alt=media&token=0f5fbd64-4be7-40a4-b62a-d30a1e35281f
Bru Instant 200G,1PACKET,320,https://firebasestorage.googleapis.com/v0/b/compositetrial.appspot.com/o/newImages%2FBru%20Instant%20200G.jpg?alt=media&token=3fbf496a-1398-4360-965e-6218af80f15a
Bru Instant Coffee 200G,1PACKET,320,https://firebasestorage.googleapis.com/v0/b/compositetrial.appspot.com/o/newImages%2FBru%20Instant%20Coffee%20200G.jpg?alt=media&token=29749ba2-68c4-4ee4-a328-acc284c6bfad
Bru Instant Coffee Bottle 50G,1PACKET,90,https://firebasestorage.googleapis.com/v0/b/compositetrial.appspot.com/o/newImages%2FBru%20Instant%20Coffee%20Bottle%2050G.jpg?alt=media&token=1d270f64-eb30-4248-9b6a-d18f9b6bcb5a
Bru Instant Coffee Super Strong 500G,1PACKET,333,https://firebasestorage.googleapis.com/v0/b/compositetrial.appspot.com/o/newImages%2FBru%20Instant%20Coffee%20Super%20Strong%20500G.jpg?alt=media&token=f621fcf6-9553-4899-b98e-8641ca735cd5
Bru Instant Small,1PACKET,2,https://firebasestorage.googleapis.com/v0/b/compositetrial.appspot.com/o/newImages%2FBru%20Instant%20Small.jpg?alt=media&token=3cffd1eb-dfe7-4a09-9e6e-fc5830752401
Cadboury Bour Vita 400G,1PACKET,199,https://firebasestorage.googleapis.com/v0/b/compositetrial.appspot.com/o/newImages%2FCadboury%20Bour%20Vita%20400G.jpg?alt=media&token=ae375048-76fe-41e5-913f-9f98724b2650
Cadbury Hot Chocolate,1PACKET,160,https://firebasestorage.googleapis.com/v0/b/compositetrial.appspot.com/o/newImages%2FCadbury%20Hot%20Chocolate.jpg?alt=media&token=deb3d1eb-9f47-463b-8f28-cf4425b1c497
Chai Gold Elaichi 1Kg,1PACKET,130,https://firebasestorage.googleapis.com/v0/b/compositetrial.appspot.com/o/newImages%2FChai%20Gold%20Elaichi%201Kg.jpg?alt=media&token=0ea15cbb-5dcd-45dc-acce-de9c4c357525
Chai Gold Masala Unsweetened 10*8G=80G,1PACKET,130,https://firebasestorage.googleapis.com/v0/b/compositetrial.appspot.com/o/newImages%2FChai%20Gold%20Masala%20Unsweetened%2010x8G%3D80G.jpg?alt=media&token=19fed330-cc93-4364-92fc-32b217ee8498
Classic Coffee Chicory,1PACKET,130,https://firebasestorage.googleapis.com/v0/b/compositetrial.appspot.com/o/newImages%2FClassic%20Coffee%20Chicory.jpg?alt=media&token=f9193d9c-34f2-4d2e-9697-56b6eafea864
Cocum Gila Superior 100G,1PACKET,24,https://firebasestorage.googleapis.com/v0/b/compositetrial.appspot.com/o/newImages%2FCocum%20Gila%20Superior%20100G.png?alt=media&token=1e0e6cc1-c5d5-4fe4-9b29-377a740e61b5
Cocum Gila Superior 1Kg,1PACKET,136,https://firebasestorage.googleapis.com/v0/b/compositetrial.appspot.com/o/newImages%2FCocum%20Gila%20Superior%201Kg.png?alt=media&token=d61bfb11-7357-4545-a1fc-cf0f9495ed98
Cocum Gila Superior 250G,1PACKET,41,https://firebasestorage.googleapis.com/v0/b/compositetrial.appspot.com/o/newImages%2FCocum%20Gila%20Superior%20250G.png?alt=media&token=c37d809a-6383-4242-abd7-d45a11a501c2
Cocum Gila Superior 500G,1PACKET,71,https://firebasestorage.googleapis.com/v0/b/compositetrial.appspot.com/o/newImages%2FCocum%20Gila%20Superior%20500G.png?alt=media&token=a8e94eec-c633-4c94-a23a-55506f090b9a
Cocum White Dry Superior 100G,1PACKET,35,https://firebasestorage.googleapis.com/v0/b/compositetrial.appspot.com/o/newImages%2FCocum%20White%20Dry%20Superior%20100G.jpg?alt=media&token=497ac48d-42c0-4ae5-8257-ac5bebe24c27
Cocum White Dry Superior 1Kg,1PACKET,283,https://firebasestorage.googleapis.com/v0/b/compositetrial.appspot.com/o/newImages%2FCocum%20White%20Dry%20Superior%201Kg.jpg?alt=media&token=67b9dabf-922e-46b7-bbae-c844111c01fb
Cocum White Dry Superior 250G,1PACKET,83,https://firebasestorage.googleapis.com/v0/b/compositetrial.appspot.com/o/newImages%2FCocum%20White%20Dry%20Superior%20250G.jpg?alt=media&token=54634f8b-5a0a-4c0b-9d6c-097c277b79b7
Cocum White Dry Superior 500G,1PACKET,148,https://firebasestorage.googleapis.com/v0/b/compositetrial.appspot.com/o/newImages%2FCocum%20White%20Dry%20Superior%20500G.jpg?alt=media&token=b1a41a82-5490-434c-9e20-ae4e2d8eb468
Coimbatore Chai Masala Powder 100G,1PACKET,100,https://firebasestorage.googleapis.com/v0/b/compositetrial.appspot.com/o/newImages%2FCoimbatore%20Chai%20Masala%20Powder%20100G.jpg?alt=media&token=5d36522f-dabd-44d6-8d3a-c7a60df65cb3
Coimbatore Chai Masala Powder 250G,1PACKET,236,https://firebasestorage.googleapis.com/v0/b/compositetrial.appspot.com/o/newImages%2FCoimbatore%20Chai%20Masala%20Powder%20250G.jpg?alt=media&token=a0f5656a-94dd-4509-93fe-02901cc060e7
Coimbatore Chai Masala Powder 500G,1PACKET,472,https://firebasestorage.googleapis.com/v0/b/compositetrial.appspot.com/o/newImages%2FCoimbatore%20Chai%20Masala%20Powder%20500G.jpg?alt=media&token=447657fd-a1c2-4bea-bd75-7ec7150c1de6
Coimbatore Chai Masala Powder 50G,1PACKET,50,https://firebasestorage.googleapis.com/v0/b/compositetrial.appspot.com/o/newImages%2FCoimbatore%20Chai%20Masala%20Powder%2050G.jpg?alt=media&token=dc30820b-1c74-4c7b-9209-829d95ab03f5
Coimbatore Chai Masala Whole 500G,1PACKET,413,https://firebasestorage.googleapis.com/v0/b/compositetrial.appspot.com/o/newImages%2FCoimbatore%20Chai%20Masala%20Whole%20500G.jpg?alt=media&token=49c30adb-6f79-4528-bc6b-05cead801af7
Complain 200G,1PACKET,100,https://firebasestorage.googleapis.com/v0/b/compositetrial.appspot.com/o/newImages%2FComplain%20200G.jpg?alt=media&token=fce84907-43b2-44f8-8ba4-477be58b3642
Complan 500G,1PACKET,250,https://firebasestorage.googleapis.com/v0/b/compositetrial.appspot.com/o/newImages%2FComplan%20500G.jpg?alt=media&token=7844299d-d423-4769-a4c5-92d2e5bff0b7
Complan Chocolate 500G,1PACKET,255,https://firebasestorage.googleapis.com/v0/b/compositetrial.appspot.com/o/newImages%2FComplan%20Chocolate%20500G.png?alt=media&token=879dcb25-2d90-4c60-8810-298be88bf7d8
Complan Classic Chocolate 1Kg,1PACKET,250,https://firebasestorage.googleapis.com/v0/b/compositetrial.appspot.com/o/newImages%2FComplan%20Classic%20Chocolate%201Kg.jpg?alt=media&token=6131fdcf-65d8-4ca0-aa49-4c06751b5b1b
Complan Creamy Classic 500G,1PACKET,250,https://firebasestorage.googleapis.com/v0/b/compositetrial.appspot.com/o/newImages%2FComplan%20Creamy%20Classic%20500G.jpg?alt=media&token=8b54a207-0af3-49d5-97e1-d437f5353bf7
Complan Health Drink Creamy Classic 500G,1PACKET,235,https://firebasestorage.googleapis.com/v0/b/compositetrial.appspot.com/o/newImages%2FComplan%20Health%20Drink%20Creamy%20Classic%20500G.jpg?alt=media&token=265ac9d6-b8a9-424f-ba34-578ea308d5fa
Complan Kesar Badam 500G,1PACKET,310,https://firebasestorage.googleapis.com/v0/b/compositetrial.appspot.com/o/newImages%2FComplan%20Kesar%20Badam%20500G.jpg?alt=media&token=d909bd88-b7d2-4a17-abc6-bcee29ab7eb6
Complan Pista Badam 500G,1PACKET,290,https://firebasestorage.googleapis.com/v0/b/compositetrial.appspot.com/o/newImages%2FComplan%20Pista%20Badam%20500G.jpg?alt=media&token=2428c401-b9ae-40cb-9935-6591c80f1063
Dailee Lime Drink 200Ml,1PACKET,12,https://firebasestorage.googleapis.com/v0/b/compositetrial.appspot.com/o/newImages%2FDailee%20Lime%20Drink%20200Ml.jpg?alt=media&token=91da142b-b130-4058-95d6-1e719b4655f0
Dailee Mango Drink 200Ml,1PACKET,12,https://firebasestorage.googleapis.com/v0/b/compositetrial.appspot.com/o/newImages%2FDailee%20Mango%20Drink%20200Ml.jpg?alt=media&token=cf36fdd4-c044-4e83-a3dc-bff9cb53bcd0
Dailee Orange Drink 200Ml,1PACKET,12,https://firebasestorage.googleapis.com/v0/b/compositetrial.appspot.com/o/newImages%2FDailee%20Orange%20Drink%20200Ml.jpg?alt=media&token=99e25785-e5e7-4059-988f-d9320f68aecd
Easy Coffee,1PACKET,105,https://firebasestorage.googleapis.com/v0/b/compositetrial.appspot.com/o/newImages%2FEasy%20Coffee.png?alt=media&token=46415e22-76b3-48ef-baed-cc979e792574
Easy Coffee 180Ml,1PACKET,79,https://firebasestorage.googleapis.com/v0/b/compositetrial.appspot.com/o/newImages%2FEasy%20Coffee%20180Ml.png?alt=media&token=647155c2-702d-4847-a589-d1d2df6dd062
Everest Tea Masala 100G,1PACKET,87,https://firebasestorage.googleapis.com/v0/b/compositetrial.appspot.com/o/newImages%2FEverest%20Tea%20Masala%20100G.jpg?alt=media&token=9d3c5706-7b4e-4a20-9f56-72747d80954a
Everest Tea Masala 50G,1PACKET,48,https://firebasestorage.googleapis.com/v0/b/compositetrial.appspot.com/o/newImages%2FEverest%20Tea%20Masala%2050G.png?alt=media&token=42cc6fac-1672-42b2-9179-890ebcca6bcb
Geebees Coffee Gold 140G,1PACKET,130,https://firebasestorage.googleapis.com/v0/b/compositetrial.appspot.com/o/newImages%2FGeebees%20Coffee%20Gold%20140G.jpg?alt=media&token=e2454646-bfea-4293-9769-62ecb1fe220f
Ginger Chai Sweetend 140G,1PACKET,130,https://firebasestorage.googleapis.com/v0/b/compositetrial.appspot.com/o/newImages%2FGinger%20Chai%20Sweetend%20140G.jpg?alt=media&token=a54051fc-d4e8-48a7-9c67-6fd060080abe
Girnar Cardamom Saffron Chai 140G,1PACKET,180,https://firebasestorage.googleapis.com/v0/b/compositetrial.appspot.com/o/newImages%2FGirnar%20Cardamom%20Saffron%20Chai%20140G.jpg?alt=media&token=6b7ecac8-a610-44a9-98aa-b2cd74e064d0
Girnar Detox Green Tea Desi Kahwa 10 Tea Bags,1PACKET,100,https://firebasestorage.googleapis.com/v0/b/compositetrial.appspot.com/o/newImages%2FGirnar%20Detox%20Green%20Tea%20Desi%20Kahwa%2010%20Tea%20Bags.jpg?alt=media&token=fa1d29ac-80ad-42fc-9500-703fdc2f31b9
Girnar Detox Green Tea Desi Kahwa 36 Tea Bags,1PACKET,330,https://firebasestorage.googleapis.com/v0/b/compositetrial.appspot.com/o/newImages%2FGirnar%20Detox%20Green%20Tea%20Desi%20Kahwa%2036%20Tea%20Bags.jpg?alt=media&token=6835437b-9781-4fbc-8e94-3a60fa9573ab
Girnar Elachi Wali Coffee 140G,1PACKET,140,https://firebasestorage.googleapis.com/v0/b/compositetrial.appspot.com/o/newImages%2FGirnar%20Elachi%20Wali%20Coffee%20140G.jpg?alt=media&token=2f248dcf-5dbe-46a7-9eba-6514919e80f3
Girnar Elaichi 37.5G,1PACKET,90,https://firebasestorage.googleapis.com/v0/b/compositetrial.appspot.com/o/newImages%2FGirnar%20Elaichi%2037.5G.jpg?alt=media&token=8a54956e-db64-455d-ac79-3734cfffe533
Girnar Elaichi Instant Chai 10 Sachets,1PACKET,140,https://firebasestorage.googleapis.com/v0/b/compositetrial.appspot.com/o/newImages%2FGirnar%20Elaichi%20Instant%20Chai%2010%20Sachets.jpg?alt=media&token=fc0e438b-94db-42bf-b01f-353a6b27c146
Girnar Ginger Instant Premix Chai,1PACKET,140,https://firebasestorage.googleapis.com/v0/b/compositetrial.appspot.com/o/newImages%2FGirnar%20Ginger%20Instant%20Premix%20Chai.jpg?alt=media&token=22325b3e-aea8-49f3-9d93-c2983fe36ecc
Girnar Green Tea,1PACKET,80,https://firebasestorage.googleapis.com/v0/b/compositetrial.appspot.com/o/newImages%2FGirnar%20Green%20Tea.jpg?alt=media&token=5505457a-cf26-40af-b2ac-13aefbbd61a7
Girnar Instant Premix Chai 140G,1PACKET,140,https://firebasestorage.googleapis.com/v0/b/compositetrial.appspot.com/o/newImages%2FGirnar%20Instant%20Premix%20Chai%20140G.jpg?alt=media&token=36329f25-4c0c-4088-9ac0-18b03f0fff34
Girnar Instant Premix Lemon Iced Tea 200Ml,1PACKET,60,https://firebasestorage.googleapis.com/v0/b/compositetrial.appspot.com/o/newImages%2FGirnar%20Instant%20Premix%20Lemon%20Iced%20Tea%20200Ml.jpg?alt=media&token=e860592e-abf5-469b-8771-2272366258f8
Girnar Kesari Masala Tea Bags 50G,1PACKET,90,https://firebasestorage.googleapis.com/v0/b/compositetrial.appspot.com/o/newImages%2FGirnar%20Kesari%20Masala%20Tea%20Bags%2050G.jpg?alt=media&token=de206535-dc9e-49c9-a29e-38140213be23
Girnar Lemon And Honey Green Tea 10Bags,G,80,https://firebasestorage.googleapis.com/v0/b/compositetrial.appspot.com/o/newImages%2FGirnar%20Lemon%20And%20Honey%20Green%20Tea%2010Bags.jpg?alt=media&token=13ffb11f-74f7-48cb-bf99-cef763e96391
Girnar Live Lite Green Tea 15G,1PACKET,130,https://firebasestorage.googleapis.com/v0/b/compositetrial.appspot.com/o/newImages%2FGirnar%20Live%20Lite%20Green%20Tea%2015G.jpg?alt=media&token=65e6aba6-ff99-491a-838c-4f7c646d2304
Girnar Masala Instant Premium Chai 10 Sachets,1PACKET,140,https://firebasestorage.googleapis.com/v0/b/compositetrial.appspot.com/o/newImages%2FGirnar%20Masala%20Instant%20Premium%20Chai%2010%20Sachets.jpg?alt=media&token=21512603-9cbd-402a-9d1e-ec538948183e
Girnar Masaledar Limbooz 150Ml,1PACKET,80,https://firebasestorage.googleapis.com/v0/b/compositetrial.appspot.com/o/newImages%2FGirnar%20Masaledar%20Limbooz%20150Ml.jpg?alt=media&token=91d613af-331f-4ba7-b88b-3ee2119751ae
Girnar Milk Premix Dry Fruits 90G,1PACKET,110,https://firebasestorage.googleapis.com/v0/b/compositetrial.appspot.com/o/newImages%2FGirnar%20Milk%20Premix%20Dry%20Fruits%2090G.jpg?alt=media&token=32f7fadd-1a9e-4818-82d2-df5ed9241cd8
Girnar Pudina Chai 25Bags,1PACKET,90,https://firebasestorage.googleapis.com/v0/b/compositetrial.appspot.com/o/newImages%2FGirnar%20Pudina%20Chai%2025Bags.jpg?alt=media&token=f5010fa7-2d0f-4992-b3e9-72c25baff26e
Girnar Rosehip And Hibiscus Herbal Infusion 15G,1PACKET,110,https://firebasestorage.googleapis.com/v0/b/compositetrial.appspot.com/o/newImages%2FGirnar%20Rosehip%20And%20Hibiscus%20Herbal%20Infusion%2015G.jpg?alt=media&token=49d0e592-1596-4a3e-b7f7-5b7db5700eeb
Girnar Saffron Chai Instant 140G,1PACKET,200,https://firebasestorage.googleapis.com/v0/b/compositetrial.appspot.com/o/newImages%2FGirnar%20Saffron%20Chai%20Instant%20140G.jpg?alt=media&token=88118cb1-7e80-48ea-bb5b-7eaeebb1d565
Girnar Tea With Jasmine 12G,1PACKET,80,https://firebasestorage.googleapis.com/v0/b/compositetrial.appspot.com/o/newImages%2FAaa.png?alt=media&token=033e6b68-31d3-4a2b-85fc-bddd8c4b3caf
GluconD Lime Nimbu Pani Flavour 450 + 50G,1PACKET,140,https://firebasestorage.googleapis.com/v0/b/compositetrial.appspot.com/o/newImages%2FGluconD%20Lime%20Nimbu%20Pani%20Flavour%20450%20%2B%2050G.jpg?alt=media&token=32a70e9c-364b-4cf8-8d0e-4c9009b6c7ec
GluconD Mango 200G,1PACKET,68,https://firebasestorage.googleapis.com/v0/b/compositetrial.appspot.com/o/newImages%2FGluconD%20Mango%20200G.jpg?alt=media&token=35b97378-fa27-4e18-a077-07f36cc228ac
GluconD Mango Punch 125G,1PACKET,35,https://firebasestorage.googleapis.com/v0/b/compositetrial.appspot.com/o/newImages%2FGluconD%20Mango%20Punch%20125G.jpg?alt=media&token=99844ff7-628c-4c99-9261-3ec2dfa07719
GluconD Nimbu Pani 250G,1PACKET,68,https://firebasestorage.googleapis.com/v0/b/compositetrial.appspot.com/o/newImages%2FGluconD%20Nimbu%20Pani%20250G.jpg?alt=media&token=010d28fd-2e34-4e90-9142-a8589c4c5f4b
GluconD Orange 125G,1PACKET,68,https://firebasestorage.googleapis.com/v0/b/compositetrial.appspot.com/o/newImages%2FGluconD%20Orange%20125G.jpg?alt=media&token=2f4b4ac0-02d8-4f8c-80ad-0e35ec04a632
GluconD Original 125G,1PACKET,27,https://firebasestorage.googleapis.com/v0/b/compositetrial.appspot.com/o/newImages%2FGluconD%20Original%20125G.jpg?alt=media&token=f6f4d73a-173c-4338-9a0a-0667d6d93b7c
GluconD Original 1Kg,1PACKET,185,https://firebasestorage.googleapis.com/v0/b/compositetrial.appspot.com/o/newImages%2FGluconD%20Original%201Kg.jpg?alt=media&token=cf168734-3bea-47ba-ac20-9be6bdecbcff
GluconD Original1Kg Refill,1PACKET,165,https://firebasestorage.googleapis.com/v0/b/compositetrial.appspot.com/o/newImages%2FGluconD%20Original1Kg%20Refill.jpg?alt=media&token=3ce51410-6882-43ec-b402-ebabc7660782
GluconD Pure Glucose Nimbu Pani Flavor 200G,1PACKET,67,https://firebasestorage.googleapis.com/v0/b/compositetrial.appspot.com/o/newImages%2FGluconD%20Pure%20Glucose%20Nimbu%20Pani%20Flavor%20200G.jpg?alt=media&token=4895fe48-1ffd-4915-a206-7931d8d2a0d6
GluconD Pure Glucose Original 500Ml,1PACKET,95,https://firebasestorage.googleapis.com/v0/b/compositetrial.appspot.com/o/newImages%2FGluconD%20Pure%20Glucose%20Original%20500Ml.jpg?alt=media&token=97f32c7a-f079-48d8-a5c2-47a316542a7e
GluconD Tangy Orange 125G,1PACKET,35,https://firebasestorage.googleapis.com/v0/b/compositetrial.appspot.com/o/newImages%2FGluconD%20Tangy%20Orange%20125G.jpg?alt=media&token=c8d91251-ab3c-439d-931a-c3f0762c259b
GluconD Tangy Orange 550G,1PACKET,150,https://firebasestorage.googleapis.com/v0/b/compositetrial.appspot.com/o/newImages%2FGluconD%20Tangy%20Orange%20550G.jpg?alt=media&token=1d3d585e-c70f-4988-adbc-5b15e2b51b38
Green City Garbage Bag 15Pc,1PACKET,65,https://firebasestorage.googleapis.com/v0/b/compositetrial.appspot.com/o/newImages%2FAaa.png?alt=media&token=033e6b68-31d3-4a2b-85fc-bddd8c4b3caf
Guruji Awla Ginger Squash 750Ml,1PACKET,145,https://firebasestorage.googleapis.com/v0/b/compositetrial.appspot.com/o/newImages%2FGuruji%20Awla%20Ginger%20Squash%20750Ml.jpg?alt=media&token=228599bc-1504-4b24-b18a-20d8f7283d96
Guruji Chandan Sharbat 750Ml,1PACKET,160,https://firebasestorage.googleapis.com/v0/b/compositetrial.appspot.com/o/newImages%2FGuruji%20Chandan%20Sharbat%20750Ml.jpg?alt=media&token=08371ee4-0a01-404f-8cf7-d8f045d4bb8f
Guruji Jeera Lemonade 750Ml,1PACKET,145,https://firebasestorage.googleapis.com/v0/b/compositetrial.appspot.com/o/newImages%2FGuruji%20Jeera%20Lemonade%20750Ml.jpg?alt=media&token=2f4e374a-4058-4808-88a8-6a524a1595a4
Guruji Kala Khatta 750Ml ,1PACKET,145,https://firebasestorage.googleapis.com/v0/b/compositetrial.appspot.com/o/newImages%2FAaa.png?alt=media&token=033e6b68-31d3-4a2b-85fc-bddd8c4b3caf
Guruji Kesar Pista 750Ml,1PACKET,299,https://firebasestorage.googleapis.com/v0/b/compositetrial.appspot.com/o/newImages%2FGuruji%20Kesar%20Pista%20750Ml.jpg?alt=media&token=21a2d480-3f17-4963-96f4-d5cac5b26438
Guruji Lemon Squash 750Ml,1PACKET,130,https://firebasestorage.googleapis.com/v0/b/compositetrial.appspot.com/o/newImages%2FGuruji%20Lemon%20Squash%20750Ml.jpg?alt=media&token=633bd139-8f49-4668-b551-c23dc45a2424
Guruji Lemony Ginger Syrup 750Ml,1PACKET,145,https://firebasestorage.googleapis.com/v0/b/compositetrial.appspot.com/o/newImages%2FGuruji%20Lemony%20Ginger%20Syrup%20750Ml.jpg?alt=media&token=385c015b-1a75-4aba-9ba3-d725adbc335d
Guruji Litchi 750Ml,1PACKET,145,https://firebasestorage.googleapis.com/v0/b/compositetrial.appspot.com/o/newImages%2FGuruji%20Litchi%20750Ml.jpg?alt=media&token=7dcff7e6-92c2-4501-995e-891794ea9eeb
Guruji Mango Crush 750Ml ,1PACKET,145,https://firebasestorage.googleapis.com/v0/b/compositetrial.appspot.com/o/newImages%2FAaa.png?alt=media&token=033e6b68-31d3-4a2b-85fc-bddd8c4b3caf
Guruji Orange Crush 750Ml ,1PACKET,145,https://firebasestorage.googleapis.com/v0/b/compositetrial.appspot.com/o/newImages%2FAaa.png?alt=media&token=033e6b68-31d3-4a2b-85fc-bddd8c4b3caf
Guruji Orange Squash 750Ml ,1PACKET,130,https://firebasestorage.googleapis.com/v0/b/compositetrial.appspot.com/o/newImages%2FAaa.png?alt=media&token=033e6b68-31d3-4a2b-85fc-bddd8c4b3caf
Guruji Pineapple Crush 750Ml,1PACKET,145,https://firebasestorage.googleapis.com/v0/b/compositetrial.appspot.com/o/newImages%2FGuruji%20Pineapple%20Crush%20750Ml.jpg?alt=media&token=32825b3d-d003-434f-abc3-0712adfbd508
Guruji Pineapple Squash 750Ml ,1PACKET,130,https://firebasestorage.googleapis.com/v0/b/compositetrial.appspot.com/o/newImages%2FAaa.png?alt=media&token=033e6b68-31d3-4a2b-85fc-bddd8c4b3caf
Guruji Pudina Squash 750Ml,1PACKET,145,https://firebasestorage.googleapis.com/v0/b/compositetrial.appspot.com/o/newImages%2FGuruji%20Pudina%20Squash%20750Ml.jpg?alt=media&token=495ede98-b528-4669-94e8-103e8ba8e439
Guruji Rose Sharbat 750Ml,1PACKET,145,https://firebasestorage.googleapis.com/v0/b/compositetrial.appspot.com/o/newImages%2FGuruji%20Rose%20Sharbat%20750Ml.jpg?alt=media&token=716a84f6-d824-45f3-9b20-2500e129324b
Guruji Sharbat Badam Kesar 750Ml,1PACKET,299,https://firebasestorage.googleapis.com/v0/b/compositetrial.appspot.com/o/newImages%2FGuruji%20Sharbat%20Badam%20Kesar%20750Ml.jpg?alt=media&token=649225c2-22a3-4e00-bcbb-40ad1ca1156f
Guruji Sharbat Kesar 750Ml,1PACKET,299,https://firebasestorage.googleapis.com/v0/b/compositetrial.appspot.com/o/newImages%2FGuruji%20Sharbat%20Kesar%20750Ml.jpg?alt=media&token=8e7eaec2-aa95-4d99-af8c-9a39e23d3e78
Guruji Strawberry Crush 750Ml,ML,150,https://firebasestorage.googleapis.com/v0/b/compositetrial.appspot.com/o/newImages%2FGuruji%20Strawberry%20Crush%20750Ml.jpg?alt=media&token=fdf5b8e1-a63b-46ba-903c-1bd71661deb6
Hasmukhrai Society Masala Tea 250G,1PACKET,125,https://firebasestorage.googleapis.com/v0/b/compositetrial.appspot.com/o/newImages%2FHasmukhrai%20Society%20Masala%20Tea%20250G.jpeg?alt=media&token=96d255a8-0ee4-463c-a146-de4a135a37e8
Home Made Butterscootch Falooda 750Ml,1PACKET,190,https://firebasestorage.googleapis.com/v0/b/compositetrial.appspot.com/o/newImages%2FHome%20Made%20Butterscootch%20Falooda%20750Ml.jpg?alt=media&token=248bd28c-96a0-48be-9725-8ccbf4e007f2
Home Made Kesar Dry Fruit Falooda 750Ml,1PACKET,220,https://firebasestorage.googleapis.com/v0/b/compositetrial.appspot.com/o/newImages%2FHome%20Made%20Kesar%20Dry%20Fruit%20Falooda%20750Ml.png?alt=media&token=f92bca0d-d18a-4718-8b31-a23c11d2c011
Home Made Kulfi Falooda 750Ml,1PACKET,220,https://firebasestorage.googleapis.com/v0/b/compositetrial.appspot.com/o/newImages%2FHome%20Made%20Kulfi%20Falooda%20750Ml.jpg?alt=media&token=a677b183-0caa-420f-afe2-f5e1820df522
Home Made Lemon N Lime Drink 750Ml,1PACKET,150,https://firebasestorage.googleapis.com/v0/b/compositetrial.appspot.com/o/newImages%2FHome%20Made%20Lemon%20N%20Lime%20Drink%20750Ml.jpg?alt=media&token=87e7f8c4-9ed2-46cc-ab84-493010dc95f5
Home Made Pan Pasand 750Ml,1PACKET,240,https://firebasestorage.googleapis.com/v0/b/compositetrial.appspot.com/o/newImages%2FHome%20Made%20Pan%20Pasand%20750Ml.jpg?alt=media&token=918823b6-aa9b-4385-a87e-a0e11ed0984b
Home Made Rose Falooda 750Ml,1PACKET,200,https://firebasestorage.googleapis.com/v0/b/compositetrial.appspot.com/o/newImages%2FHome%20Made%20Rose%20Falooda%20750Ml.jpg?alt=media&token=8b75dd2c-d579-4dae-8720-3c91bb5219d4
Home Made Special Rose Syrup 750Ml,1PACKET,160,https://firebasestorage.googleapis.com/v0/b/compositetrial.appspot.com/o/newImages%2FHome%20Made%20Special%20Rose%20Syrup%20750Ml.jpg?alt=media&token=f92edc84-1c23-4653-b493-0f3142b7744c
Horlicks 1Kg,1PACKET,399,https://firebasestorage.googleapis.com/v0/b/compositetrial.appspot.com/o/newImages%2FHorlicks%201Kg.jpg?alt=media&token=136ad36b-5ea2-4ddd-9765-afc115e9b5b6
Horlicks 200G,1PACKET,105,https://firebasestorage.googleapis.com/v0/b/compositetrial.appspot.com/o/newImages%2FHorlicks%20200G.jpg?alt=media&token=c8873ae9-e743-4248-a6a6-ab7162456602
Horlicks 500G,1PACKET,228,https://firebasestorage.googleapis.com/v0/b/compositetrial.appspot.com/o/newImages%2FHorlicks%20500G.jpg?alt=media&token=fecd4364-08b2-4ed3-91e5-e1dddd268974
Horlicks Classic Malt Based Food 500G,1PACKET,215,https://firebasestorage.googleapis.com/v0/b/compositetrial.appspot.com/o/newImages%2FHorlicks%20Classic%20Malt%20Based%20Food%20500G.jpg?alt=media&token=86b68df2-68e5-4331-9629-f3b7cc1da731
Horlicks Growth Vanilla Flavour 200G,1PACKET,310,https://firebasestorage.googleapis.com/v0/b/compositetrial.appspot.com/o/newImages%2FHorlicks%20Growth%20Vanilla%20Flavour%20200G.jpg?alt=media&token=b0814672-b9dd-45da-8404-49a5311686ad
Horlicks Health Drink Chocolate Flavor 500G,1PACKET,199,https://firebasestorage.googleapis.com/v0/b/compositetrial.appspot.com/o/newImages%2FHorlicks%20Health%20Drink%20Chocolate%20Flavor%20500G.jpg?alt=media&token=f3f7a44c-0f5a-4a94-ba48-301b42df82b6
Horlicks Horlicks Kesar Badamkesar Badam Flavour 400G,1PACKET,275,https://firebasestorage.googleapis.com/v0/b/compositetrial.appspot.com/o/newImages%2FHorlicks%20Horlicks%20Kesar%20Badamkesar%20Badam%20Flavour%20400G.jpg?alt=media&token=69d6192e-1def-46e8-b5a9-2315f123f683
Horlicks Lite Badam Flavour 450G,1PACKET,268,https://firebasestorage.googleapis.com/v0/b/compositetrial.appspot.com/o/newImages%2FHorlicks%20Lite%20Badam%20Flavour%20450G.jpg?alt=media&token=538b3dc3-b9cc-4d1b-a7e0-a25d24512e8c
Horlicks Lite Badam Flavour 500G Refill,1PACKET,278,https://firebasestorage.googleapis.com/v0/b/compositetrial.appspot.com/o/newImages%2FHorlicks%20Lite%20Badam%20Flavour%20500G%20Refill.jpg?alt=media&token=0537e2c4-2688-432f-b26c-bf6a938d6fd4
Horlicks Lite Regular Malt 500G,1PACKET,278,https://firebasestorage.googleapis.com/v0/b/compositetrial.appspot.com/o/newImages%2FHorlicks%20Lite%20Regular%20Malt%20500G.jpg?alt=media&token=ce5f2de5-0802-4a6d-a694-77278d7edff0
Horlicks Malt Based Food Junior Original Stage 2 500G ,1PACKET,272,https://firebasestorage.googleapis.com/v0/b/compositetrial.appspot.com/o/newImages%2FAaa.png?alt=media&token=033e6b68-31d3-4a2b-85fc-bddd8c4b3caf
Horlicks Protein Plus Health And Nutrition Drink 200 G Refill Pack (Vanilla),1PACKET,280,https://firebasestorage.googleapis.com/v0/b/compositetrial.appspot.com/o/newImages%2FHorlicks%20Protein%20Plus%20Health%20And%20Nutrition%20Drink%20200%20G%20Refill%20Pack%20(Vanilla).jpg?alt=media&token=5982d2e6-37d4-4d1e-b3a8-ab5f8eea90ba
Jivraj 9 Leaf Tea 500G,1PACKET,205,https://firebasestorage.googleapis.com/v0/b/compositetrial.appspot.com/o/newImages%2FJivraj%209%20Leaf%20Tea%20500G.jpg?alt=media&token=fb7d22d3-91bf-4cc4-ae8b-8bfd1c8ba89c
Jivraj 9 Masala Tea Premix 10*15G=150G,1PACKET,150,https://firebasestorage.googleapis.com/v0/b/compositetrial.appspot.com/o/newImages%2FJivraj%209%20Masala%20Tea%20Premix%2010x15G%3D150G.jpg?alt=media&token=ee67a907-153d-423b-a122-5ade4a2814f8
Jivraj 9 Tea 2Kg,1PACKET,780,https://firebasestorage.googleapis.com/v0/b/compositetrial.appspot.com/o/newImages%2FJivraj%209%20Tea%202Kg.jpg?alt=media&token=ac224f72-bb97-498e-b64c-a8c03dc11a32
Jivraj Elaichi Tea 250G,1PACKET,150,https://firebasestorage.googleapis.com/v0/b/compositetrial.appspot.com/o/newImages%2FJivraj%20Elaichi%20Tea%20250G.jpg?alt=media&token=f1440c96-fd91-4b55-aef6-df255dd7ba55
Jivraj Tea 1Kg,1PACKET,400,https://firebasestorage.googleapis.com/v0/b/compositetrial.appspot.com/o/newImages%2FJivraj%20Tea%201Kg.jpg?alt=media&token=450e8684-e7f4-4ad9-9ed2-853f45490b09
Junior Horlicks 200G,1PACKET,130,https://firebasestorage.googleapis.com/v0/b/compositetrial.appspot.com/o/newImages%2FJunior%20Horlicks%20200G.jpg?alt=media&token=83997088-00d4-4cac-95b2-f03905fa487b
Junior Horlicks Chocolate 500G,1PACKET,272,https://firebasestorage.googleapis.com/v0/b/compositetrial.appspot.com/o/newImages%2FJunior%20Horlicks%20Chocolate%20500G.jpg?alt=media&token=39e83bf1-2970-4b9a-bfdb-e87c01c7e5e4
Junior Horlicks Chocolate 500G,1PACKET,256,https://firebasestorage.googleapis.com/v0/b/compositetrial.appspot.com/o/newImages%2FJunior%20Horlicks%20Chocolate%20500G.jpg?alt=media&token=39e83bf1-2970-4b9a-bfdb-e87c01c7e5e4
Junior Horlicks Original 500G,1PACKET,256,https://firebasestorage.googleapis.com/v0/b/compositetrial.appspot.com/o/newImages%2FJunior%20Horlicks%20Original%20500G.jpg?alt=media&token=1968a9b1-1d1f-4ad8-818b-860a670586dd
Lipton Lemon Zest Green Tea 25Bags,1PACKET,140,https://firebasestorage.googleapis.com/v0/b/compositetrial.appspot.com/o/newImages%2FLipton%20Lemon%20Zest%20Green%20Tea%2025Bags.jpg?alt=media&token=e2b2304d-1902-4ec1-b083-02b662725a4b
Lipton Mint Burst Green Tea 25Bags,1PACKET,140,https://firebasestorage.googleapis.com/v0/b/compositetrial.appspot.com/o/newImages%2FLipton%20Mint%20Burst%20Green%20Tea%2025Bags.jpg?alt=media&token=98ee8f50-9e3a-43d2-8b29-a3aed1c1a40b
Lipton Pure And Light Green Tea 10Bags,1PACKET,60,https://firebasestorage.googleapis.com/v0/b/compositetrial.appspot.com/o/newImages%2FLipton%20Pure%20And%20Light%20Green%20Tea%2010Bags.jpg?alt=media&token=57c997ca-2b5b-49a5-b8a9-5936b062a9f6
Lipton Pure And Light Green Tea 25Bags,1PACKET,140,https://firebasestorage.googleapis.com/v0/b/compositetrial.appspot.com/o/newImages%2FLipton%20Pure%20And%20Light%20Green%20Tea%2025Bags.jpg?alt=media&token=f89057f8-fdb6-4992-a997-d63d7ca8ddd0
Lipton Yellow Label Leaf 250G,1PACKET,200,https://firebasestorage.googleapis.com/v0/b/compositetrial.appspot.com/o/newImages%2FLipton%20Yellow%20Label%20Leaf%20250G.jpg?alt=media&token=f320df59-25e9-4de4-b821-f9f19ec17d14
Malas Black Currant Crush 700Ml,1PACKET,140,https://firebasestorage.googleapis.com/v0/b/compositetrial.appspot.com/o/newImages%2FMalas%20Black%20Currant%20Crush%20700Ml.jpg?alt=media&token=ff43e06f-4a25-4a15-9acc-82aedeef86df
Malas Crush BlueBerry 750Ml,1PACKET,140,https://firebasestorage.googleapis.com/v0/b/compositetrial.appspot.com/o/newImages%2FMalas%20Crush%20BlueBerry%20750Ml.jpg?alt=media&token=a85249c1-6185-48c5-b049-32d29a17f800
Malas Kiwi Crush 700Ml,1PACKET,165,https://firebasestorage.googleapis.com/v0/b/compositetrial.appspot.com/o/newImages%2FMalas%20Kiwi%20Crush%20700Ml.png?alt=media&token=611e81c0-8ced-40bc-ae30-88d6e7aa91d4
Malas Koku 750Ml Bottle,1PACKET,115,https://firebasestorage.googleapis.com/v0/b/compositetrial.appspot.com/o/newImages%2FMalas%20Koku%20750Ml%20Bottle.jpg?alt=media&token=6f71831c-b761-4c7d-a1fd-c7f79ecba2b3
Malas Litchi Crush 700Ml,1PACKET,145,https://firebasestorage.googleapis.com/v0/b/compositetrial.appspot.com/o/newImages%2FAaa.png?alt=media&token=033e6b68-31d3-4a2b-85fc-bddd8c4b3caf
Malas Orange Crush 700Ml,1PACKET,140,https://firebasestorage.googleapis.com/v0/b/compositetrial.appspot.com/o/newImages%2FMalas%20Orange%20Crush%20700Ml.jpg?alt=media&token=201e72fa-8c78-4fc7-b7cd-f32f7e04d6d0
Malas Pineapple Crush 700Ml,1PACKET,140,https://firebasestorage.googleapis.com/v0/b/compositetrial.appspot.com/o/newImages%2FMalas%20Pineapple%20Crush%20700Ml.jpg?alt=media&token=b12420c4-6483-4567-9b0e-a21cadac98f3
Malas Strawberry Crush 750Ml,1PACKET,145,https://firebasestorage.googleapis.com/v0/b/compositetrial.appspot.com/o/newImages%2FMalas%20Strawberry%20Crush%20750Ml.jpg?alt=media&token=1a3896b4-8375-4126-85aa-b305be9c1ee8
Malas Syrup Rose 750Ml Bottle,1PACKET,125,https://firebasestorage.googleapis.com/v0/b/compositetrial.appspot.com/o/newImages%2FMalas%20Syrup%20Rose%20750Ml%20Bottle.jpg?alt=media&token=82bc597e-3e38-4ded-a22f-9d4046d075b5
Malvis Black Rose Syrup 750Ml,1PACKET,175,https://firebasestorage.googleapis.com/v0/b/compositetrial.appspot.com/o/newImages%2FAaa.png?alt=media&token=033e6b68-31d3-4a2b-85fc-bddd8c4b3caf
Malvis Butterscotch Crush 759Ml,1PACKET,160,https://firebasestorage.googleapis.com/v0/b/compositetrial.appspot.com/o/newImages%2FMalvis%20Butterscotch%20Crush%20759Ml.jpg?alt=media&token=5fc58c5f-560d-4914-bed8-799328a9f7f3
Malvis Jeera Masala Syrup 750Ml,1PACKET,160,https://firebasestorage.googleapis.com/v0/b/compositetrial.appspot.com/o/newImages%2FMalvis%20Jeera%20Masala%20Syrup%20750Ml.jpg?alt=media&token=544f42b9-73d0-467e-aa5b-eb1e45f0e0d4
Malvis Kalakhatta Syrup 750Ml,1PACKET,140,https://firebasestorage.googleapis.com/v0/b/compositetrial.appspot.com/o/newImages%2FMalvis%20Kalakhatta%20Syrup%20750Ml.jpg?alt=media&token=dae0b007-d61b-4fae-a178-328bd59a0b0f
Malvis Kiwi Crush 750Ml,1PACKET,175,https://firebasestorage.googleapis.com/v0/b/compositetrial.appspot.com/o/newImages%2FMalvis%20Kiwi%20Crush%20750Ml.jpg?alt=media&token=2e8177f3-64a2-4a82-9513-ac504260555c
Malvis Limento Syrup 750Ml,1PACKET,175,https://firebasestorage.googleapis.com/v0/b/compositetrial.appspot.com/o/newImages%2FMalvis%20Limento%20Syrup%20750Ml.jpg?alt=media&token=e2dee2be-25e8-4155-a425-43cb767a0187
Malvis Lychee Crush Syrup 750Ml,1PACKET,160,https://firebasestorage.googleapis.com/v0/b/compositetrial.appspot.com/o/newImages%2FMalvis%20Lychee%20Crush%20Syrup%20750Ml.jpg?alt=media&token=19bfa4e0-7e5e-4c55-a134-ff60b66cb600
Malvis Orange Crush 750Ml,1PACKET,150,https://firebasestorage.googleapis.com/v0/b/compositetrial.appspot.com/o/newImages%2FMalvis%20Orange%20Crush%20750Ml.jpg?alt=media&token=d4e574d3-dc0b-4e5a-8fa3-79dac1ef7006
Malvis Paan Shot Sharbat 750Ml,1PACKET,175,https://firebasestorage.googleapis.com/v0/b/compositetrial.appspot.com/o/newImages%2FMalvis%20Paan%20Shot%20Sharbat%20750Ml.jpg?alt=media&token=78d40a54-1e97-45da-977f-31eb31f595d0
Malvis Rabdi Crush 750Ml,1PACKET,299,https://firebasestorage.googleapis.com/v0/b/compositetrial.appspot.com/o/newImages%2FMalvis%20Rabdi%20Crush%20750Ml.jpg?alt=media&token=a8638355-bfb3-45d8-a951-c124f0298ca1
Malvis Rose Syrup 750Ml,1PACKET,175,https://firebasestorage.googleapis.com/v0/b/compositetrial.appspot.com/o/newImages%2FMalvis%20Rose%20Syrup%20750Ml.jpg?alt=media&token=b4d1d485-cdbd-46f7-ad79-7e3b3dbc4d67
Malvis Strawberry Crush 250Ml,1PACKET,160,https://firebasestorage.googleapis.com/v0/b/compositetrial.appspot.com/o/newImages%2FMalvis%20Strawberry%20Crush%20250Ml.jpg?alt=media&token=5b7077bf-178e-409f-955c-3ba0496874eb
Malvis White Rose Syrup 750Ml,1PACKET,160,https://firebasestorage.googleapis.com/v0/b/compositetrial.appspot.com/o/newImages%2FMalvis%20White%20Rose%20Syrup%20750Ml.jpg?alt=media&token=e8fb1f30-9fdd-4b53-927f-ee9c8c234404
,,,
,,,
,,,
,,,
,,,
,,,
,,,
,,,
,,,
,,,
,,,
,,,
,,,
,,,
,,,
,,,
,,,
,,,
,,,
,,,
,,,
,,,
,,,
,,,
,,,
,,,
,,,
,,,
,,,
,,,
,,,
,,,
,,,
,,,
,,,
,,,
,,,
,,,
,,,
,,,
,,,
,,,
,,,
,,,
,,,
,,,
,,,
,,,
,,,
,,,
,,,
,,,
,,,
,,,
,,,
,,,
,,,
,,,
,,,
,,,
,,,
,,,
,,,
,,,
,,,
,,,
,,,
,,,
,,,
,,,
,,,
,,,
,,,
,,,
,,,
,,,
,,,
,,,
,,,
,,,
,,,
,,,
,,,
,,,
,,,
,,,
,,,
,,,
,,,
,,,
,,,
,,,
,,,
,,,
,,,
,,,
,,,
,,,
,,,
,,,
,,,
,,,
,,,
,,,
,,,
,,,
,,,
,,,
,,,
,,,
,,,
,,,
,,,
,,,
,,,
,,,
,,,
,,,
,,,
,,,
,,,
,,,
,,,
,,,
,,,
,,,
,,,
,,,
,,,
,,,
,,,
,,,
,,,
,,,
,,,
,,,
,,,
,,,
,,,
,,,
,,,
,,,
,,,
,,,
,,,
,,,
,,,
,,,
,,,
,,,
,,,
,,,
,,,
,,,
,,,
,,,
,,,
,,,
,,,
,,,
,,,
,,,
,,,
,,,
,,,
,,,
,,,
,,,
,,,
,,,
,,,
,,,
,,,
,,,
,,,
,,,
,,,
,,,
,,,
,,,
,,,
,,,
,,,
,,,
,,,
,,,
,,,
,,,
,,,
,,,
,,,
,,,
,,,
,,,
,,,
,,,
,,,
,,,
,,,
,,,
,,,
,,,
,,,
,,,
,,,
,,,
,,,
,,,
,,,
,,,
,,,
,,,
,,,
,,,
,,,
,,,
,,,
,,,
,,,
,,,
,,,
,,,
,,,
,,,
,,,
,,,
,,,
,,,
,,,
,,,
,,,
,,,
,,,
,,,
,,,
,,,
,,,
,,,
,,,
,,,
,,,
,,,
,,,
,,,
,,,
,,,
,,,
,,,
,,,
,,,
,,,
,,,
,,,
,,,
,,,
,,,
,,,
,,,
,,,
,,,
,,,
,,,
,,,
,,,
,,,
,,,
,,,
,,,
,,,
,,,
,,,
,,,
,,,
,,,
,,,
,,,
,,,
,,,
,,,
,,,
,,,
,,,
,,,
,,,
,,,
,,,
,,,
,,,
,,,
,,,
,,,
,,,
,,,
,,,
,,,
,,,
,,,
,,,
,,,
,,,
,,,
,,,
,,,
,,,
,,,
,,,
,,,
,,,
,,,
,,,
,,,
,,,
,,,
,,,
,,,
,,,
,,,
,,,
,,,
,,,
,,,
,,,
,,,
,,,
,,,
,,,
,,,
,,,
,,,
,,,
,,,
,,,
,,,
,,,
,,,
,,,
,,,
,,,
,,,
,,,
,,,
,,,
,,,
,,,
,,,
,,,
,,,
,,,
,,,
,,,
,,,
,,,
,,,
,,,
,,,
,,,
,,,
,,,
,,,
,,,
,,,
,,,
,,,
,,,
,,,
,,,
,,,
,,,
,,,
,,,
,,,
,,,
,,,
,,,
,,,
,,,
,,,
,,,
,,,
,,,
,,,
,,,
,,,
,,,
,,,
,,,
,,,
,,,
,,,
,,,
,,,
,,,
,,,
,,,
,,,
,,,
,,,
,,,
,,,
,,,
,,,
,,,
,,,
,,,
,,,
,,,
,,,
,,,
,,,
,,,
,,,
,,,
,,,
,,,
,,,
,,,
,,,
,,,
,,,
,,,
,,,
,,,
,,,
,,,
,,,
,,,
,,,
,,,
,,,
,,,
,,,
,,,
,,,
,,,
,,,
,,,
,,,
,,,
,,,
,,,
,,,
,,,
,,,
,,,
,,,
,,,
,,,
,,,
,,,
,,,
,,,
,,,
,,,
,,,
,,,
,,,
,,,
,,,
,,,
,,,
,,,
,,,
,,,
,,,
,,,
,,,
,,,
,,,
,,,
,,,
,,,
,,,
,,,
,,,
,,,
,,,
,,,
,,,
,,,
,,,
,,,
,,,
,,,
,,,
,,,
,,,
,,,
,,,
,,,
,,,
,,,
,,,
,,,
,,,
,,,
,,,
,,,
,,,
,,,
,,,
,,,
,,,
,,,
,,,
,,,
,,,
,,,
,,,
,,,
,,,
,,,
,,,
,,,
,,,
